{
  "loss": [
    1.1426887512207031,
    0.9892258048057556,
    0.9212612509727478,
    0.8666695356369019,
    0.8262986540794373,
    0.799410343170166,
    0.7779486179351807,
    0.7636553645133972,
    0.7499255537986755,
    0.7389667630195618,
    0.7292698621749878,
    0.7188825607299805,
    0.7095881104469299,
    0.7008979320526123
  ],
  "policy_loss": [
    1.0055139064788818,
    0.888158917427063,
    0.8444597721099854,
    0.8075722455978394,
    0.778999924659729,
    0.7600296139717102,
    0.7446838021278381,
    0.734555184841156,
    0.7241416573524475,
    0.7154059410095215,
    0.7074337601661682,
    0.699012279510498,
    0.6909765005111694,
    0.6830784678459167
  ],
  "policy_top1": [
    0.5691795945167542,
    0.6145430207252502,
    0.6382298469543457,
    0.6601112484931946,
    0.6726202368736267,
    0.6799338459968567,
    0.6857706308364868,
    0.6909822821617126,
    0.6955687403678894,
    0.6993144750595093,
    0.7030062675476074,
    0.7068058848381042,
    0.710244357585907,
    0.7140116095542908
  ],
  "policy_top3": [
    0.9018571972846985,
    0.9133746027946472,
    0.9188610911369324,
    0.9238194227218628,
    0.9266866445541382,
    0.9302652478218079,
    0.9335312843322754,
    0.9348732829093933,
    0.9358595609664917,
    0.93771892786026,
    0.939335823059082,
    0.9410873651504517,
    0.9426125884056091,
    0.9439060688018799
  ],
  "val_loss": [
    1.0872431993484497,
    1.0484235286712646,
    1.0376505851745605,
    1.0499294996261597,
    1.0731440782546997,
    1.1315560340881348,
    1.1001290082931519,
    1.121988296508789,
    1.1222753524780273,
    1.160435676574707,
    1.1307077407836914,
    1.1477839946746826,
    1.1947842836380005,
    1.1728429794311523
  ],
  "val_policy_loss": [
    0.9357054233551025,
    0.8691872358322144,
    0.8285528421401978,
    0.8017500042915344,
    0.7811959981918335,
    0.7751320004463196,
    0.7710016965866089,
    0.7615185379981995,
    0.7631691694259644,
    0.7566178441047668,
    0.7571228742599487,
    0.7574551105499268,
    0.763004720211029,
    0.7618138790130615
  ],
  "val_policy_top1": [
    0.5940516591072083,
    0.6291199326515198,
    0.6502956748008728,
    0.6641446948051453,
    0.6733629107475281,
    0.672688901424408,
    0.6745586395263672,
    0.6763849258422852,
    0.67751544713974,
    0.6814723014831543,
    0.6829941868782043,
    0.6819506287574768,
    0.680798351764679,
    0.6808200478553772
  ],
  "val_policy_top3": [
    0.9011000990867615,
    0.9119923710823059,
    0.9181668162345886,
    0.9224280118942261,
    0.9234063625335693,
    0.9264283776283264,
    0.9256457090377808,
    0.9259501099586487,
    0.9264718890190125,
    0.9258196353912354,
    0.9271675944328308,
    0.9268197417259216,
    0.9263196587562561,
    0.9252978563308716
  ],
  "val_value_brier": [
    0.21024267375469208,
    0.23500636219978333,
    0.2540191411972046,
    0.2727830708026886,
    0.2853388488292694,
    0.2964714467525482,
    0.2930307388305664,
    0.2946360409259796,
    0.29683399200439453,
    0.30427080392837524,
    0.301002562046051,
    0.29812464118003845,
    0.30942195653915405,
    0.3125455379486084
  ],
  "val_value_loss": [
    0.6057006120681763,
    0.7172273397445679,
    0.8364189267158508,
    0.9939118027687073,
    1.1686148643493652,
    1.4263819456100464,
    1.3168684244155884,
    1.4397683143615723,
    1.4354158639907837,
    1.615110158920288,
    1.4933221340179443,
    1.5593429803848267,
    1.7250254154205322,
    1.6423581838607788
  ],
  "val_value_mae": [
    0.3681339919567108,
    0.35625916719436646,
    0.358794242143631,
    0.3573923110961914,
    0.3515966534614563,
    0.3465518653392792,
    0.35061854124069214,
    0.34436771273612976,
    0.3479660153388977,
    0.3488369286060333,
    0.3481486737728119,
    0.34084197878837585,
    0.345697283744812,
    0.35067254304885864
  ],
  "value_brier": [
    0.18704530596733093,
    0.12801404297351837,
    0.09395326673984528,
    0.07090011239051819,
    0.05605500563979149,
    0.04645687714219093,
    0.0390874482691288,
    0.03388116881251335,
    0.029847227036952972,
    0.027222556993365288,
    0.02529897540807724,
    0.022785557433962822,
    0.021337496116757393,
    0.020313015207648277
  ],
  "value_loss": [
    0.5486183166503906,
    0.404214084148407,
    0.30720824003219604,
    0.23644442856311798,
    0.18932609260082245,
    0.1574079692363739,
    0.13299508392810822,
    0.1163380816578865,
    0.10318286716938019,
    0.0941867083311081,
    0.08730927854776382,
    0.0794789269566536,
    0.07450532168149948,
    0.07116218656301498
  ],
  "value_mae": [
    0.374907523393631,
    0.25686007738113403,
    0.18854932487010956,
    0.1419725865125656,
    0.11209609359502792,
    0.09277062863111496,
    0.07781734317541122,
    0.06778176873922348,
    0.059601079672575,
    0.0543007031083107,
    0.05033921077847481,
    0.04564743489027023,
    0.04256565496325493,
    0.04046940058469772
  ]
}