{
  "epochs_completed": 30,
  "metrics": {
    "loss": {
      "direction": "min",
      "first": 2.8014650344848633,
      "last": 0.30933746695518494,
      "best": 0.30380570888519287,
      "best_epoch": 29,
      "count": 30
    },
    "top1": {
      "direction": "max",
      "first": 0.054054055362939835,
      "last": 0.8648648858070374,
      "best": 0.8648648858070374,
      "best_epoch": 28,
      "count": 30
    },
    "top3": {
      "direction": "max",
      "first": 0.21621622145175934,
      "last": 0.9729729890823364,
      "best": 0.9729729890823364,
      "best_epoch": 26,
      "count": 30
    }
  }
}