{
  "loss": 1.1307073831558228,
  "policy_loss": 0.7574323415756226,
  "policy_top1": 0.6829941868782043,
  "policy_top3": 0.9271675944328308,
  "value_brier": 0.30100247263908386,
  "value_loss": 1.4928295612335205,
  "value_mae": 0.34814828634262085
}